id_instructor,apellido,nombre,email
1,Quin,Antonina,aquin1@loc.gov
2,Yearron,Livvy,lyearronh@tamu.edu
3,Lortzing,Calvin,clortzing8@i2i.jp
4,Weight,Celine,cweight5@ocn.ne.jp
5,Bowen,Donnell,dbowen0@constantcontact.com
6,Lantaff,Nickie,nlantaffb@geocities.jp
7,Hallifax,Grata,ghallifaxd@plala.or.jp
8,Eadmeades,Odessa,oeadmeadesa@google.it
9,Cotterill,Davy,dcotterill6@hubpages.com
10,Brosel,Ethelind,ebroselc@hhs.gov
11,Capron,Ambur,acapron9@vimeo.com
12,Sinney,Loraine,lsinneye@stumbleupon.com
13,Healey,Nanette,nhealeyj@ucsd.edu
14,Jakobsson,Sylas,sjakobsson3@cbslocal.com
15,Pieter,Iris,ipieterg@alibaba.com
16,Langlois,Eyde,elanglois4@smugmug.com
17,Halladey,Katrine,khalladey7@mtv.com
18,Barthram,Lynette,lbarthramf@cnbc.com
19,Dranfield,Leona,ldranfield2@tinypic.com
20,Bramall,Genny,gbramalli@umn.edu